Model,Accuracy (%),Time (s)
kNN,92.6536731634,0.00216706593831
LR,79.76011994,0.0831832885742
SVM,97.1514242879,13.4790286223
DT,80.35982009,0.0070013999939
